{"cameraMode":{"drawMode":0,"name":"Shaded","section":"Shading Mode"},"sceneLighting":true,"audioPlay":false,"sceneViewState":{"m_AlwaysRefresh":true,"showFog":true,"showSkybox":true,"showFlares":true,"showImageEffects":true,"showParticleSystems":true,"showVisualEffectGraphs":true,"m_FxEnabled":true},"in2DMode":false,"pivot":{"x":-1.0515639781951905,"y":0.40648606419563296,"z":-9.133398056030274},"rotation":{"x":0.03289181739091873,"y":-0.003997808322310448,"z":0.0001315743720624596,"w":0.9994511604309082},"size":4.149710655212402,"orthographic":false}