{"cameraMode":{"drawMode":0,"name":"Shaded","section":"Shading Mode"},"sceneLighting":true,"audioPlay":false,"sceneViewState":{"m_AlwaysRefresh":true,"showFog":true,"showSkybox":true,"showFlares":true,"showImageEffects":true,"showParticleSystems":true,"showVisualEffectGraphs":true,"m_FxEnabled":true},"in2DMode":false,"pivot":{"x":-1.940000057220459,"y":0.0004999719094485045,"z":-8.670000076293946},"rotation":{"x":0.19401201605796815,"y":0.19761408865451814,"z":-0.039934512227773669,"w":0.9600597023963928},"size":1.2611911296844483,"orthographic":false}